ContigID	Position	RefBase	IUPAC	A	C	G	T	Del	Ins	ReadDepth	MeanBaseQ	MeanMapQ	QScore	Match[%]	Mismatch[%]	Del[%]	Ins[%]	Deletions[>1.0%]	Insertions[>1.0%]
N1-5	910	G	G	79	0	476	0	0	0	555	26.92	60.00	32	85.77	14.23	0.00	0.00	NA	NA
N1-5	1261	G	R	174	0	381	0	0	1	555	23.76	60.00	21	68.65	31.35	0.00	0.18	NA	NA
N1-5	2079	G	G	0	6	474	1	76	3	557	31.30	60.00	35	85.10	1.26	13.64	0.54	NA	NA
N1-5	4026	A	M	339	207	1	1	10	1	558	38.06	60.00	27	60.75	37.46	1.79	0.18	NA	NA
N1-5	4096	G	G	62	1	482	2	8	0	555	25.59	60.00	31	86.85	11.71	1.44	0.00	NA	NA
N1-5	4471	T	T	0	1	0	435	121	6	557	31.49	60.00	31	78.10	0.18	21.72	1.08	TC>T:6~1.1%	NA
N1-5	4472	C	C	0	425	0	3	129	0	557	28.96	60.00	28	76.30	0.54	23.16	0.00	NA	NA
N1-5	5387	C	C	0	469	2	70	14	2	555	26.40	60.00	30	84.50	12.97	2.52	0.36	NA	NA
N1-5	5493	C	C	4	455	6	49	42	4	556	27.15	60.00	29	81.83	10.61	7.55	0.72	NA	NA
N1-5	5981	T	T	0	0	0	477	79	14	556	33.95	59.90	36	85.79	0.00	14.21	2.52	NA	NA
N1-5	5982	C	C	0	472	0	2	82	0	556	31.30	59.93	35	84.89	0.36	14.75	0.00	NA	NA
